http://vocab.getty.edu/ulan/500028092,http://edan.si.edu/saam/id/person-institution/1681
http://vocab.getty.edu/ulan/500020062,http://edan.si.edu/saam/id/person-institution/26558
http://vocab.getty.edu/ulan/500091414,http://edan.si.edu/saam/id/person-institution/3008
http://vocab.getty.edu/ulan/500028937,http://edan.si.edu/saam/id/person-institution/4724
http://vocab.getty.edu/ulan/500042470,http://edan.si.edu/saam/id/person-institution/2832
http://vocab.getty.edu/ulan/500336663,http://edan.si.edu/saam/id/person-institution/1367
http://vocab.getty.edu/ulan/500042467,http://edan.si.edu/saam/id/person-institution/6444
http://vocab.getty.edu/ulan/500031187,http://edan.si.edu/saam/id/person-institution/515
http://vocab.getty.edu/ulan/500007044,http://edan.si.edu/saam/id/person-institution/271
http://vocab.getty.edu/ulan/500130161,http://edan.si.edu/saam/id/person-institution/803
http://vocab.getty.edu/ulan/500117665,http://edan.si.edu/saam/id/person-institution/125
http://vocab.getty.edu/ulan/500335760,http://edan.si.edu/saam/id/person-institution/28243
http://vocab.getty.edu/ulan/500012394,http://edan.si.edu/saam/id/person-institution/27474
http://vocab.getty.edu/ulan/500008126,http://edan.si.edu/saam/id/person-institution/5753
http://vocab.getty.edu/ulan/500020808,http://edan.si.edu/saam/id/person-institution/4073
http://vocab.getty.edu/ulan/500096697,http://edan.si.edu/saam/id/person-institution/2728
http://vocab.getty.edu/ulan/500031987,http://edan.si.edu/saam/id/person-institution/2146
http://vocab.getty.edu/ulan/500014585,http://edan.si.edu/saam/id/person-institution/6384
http://vocab.getty.edu/ulan/500015594,http://edan.si.edu/saam/id/person-institution/3946
http://vocab.getty.edu/ulan/500024193,http://edan.si.edu/saam/id/person-institution/6036
http://vocab.getty.edu/ulan/500054392,http://edan.si.edu/saam/id/person-institution/2375
http://vocab.getty.edu/ulan/500034783,http://edan.si.edu/saam/id/person-institution/18267
http://vocab.getty.edu/ulan/500198376,http://edan.si.edu/saam/id/person-institution/70
http://vocab.getty.edu/ulan/500042194,http://edan.si.edu/saam/id/person-institution/5535
http://vocab.getty.edu/ulan/500140466,http://edan.si.edu/saam/id/person-institution/6273
http://vocab.getty.edu/ulan/500115353,http://edan.si.edu/saam/id/person-institution/6689
http://vocab.getty.edu/ulan/500180093,http://edan.si.edu/saam/id/person-institution/4429
http://vocab.getty.edu/ulan/500057952,http://edan.si.edu/saam/id/person-institution/1575
http://vocab.getty.edu/ulan/500336093,http://edan.si.edu/saam/id/person-institution/5241
http://vocab.getty.edu/ulan/500119964,http://edan.si.edu/saam/id/person-institution/1410
http://vocab.getty.edu/ulan/500083389,http://edan.si.edu/saam/id/person-institution/875
http://vocab.getty.edu/ulan/500004858,http://edan.si.edu/saam/id/person-institution/4740
http://vocab.getty.edu/ulan/500079547,http://edan.si.edu/saam/id/person-institution/4695
http://vocab.getty.edu/ulan/500021818,http://edan.si.edu/saam/id/person-institution/6757
http://vocab.getty.edu/ulan/500002927,http://edan.si.edu/saam/id/person-institution/5568
http://vocab.getty.edu/ulan/500014441,http://edan.si.edu/saam/id/person-institution/742
http://vocab.getty.edu/ulan/500013967,http://edan.si.edu/saam/id/person-institution/5531
http://vocab.getty.edu/ulan/500336301,http://edan.si.edu/saam/id/person-institution/2219
http://vocab.getty.edu/ulan/500028050,http://edan.si.edu/saam/id/person-institution/4144
http://vocab.getty.edu/ulan/500018924,http://edan.si.edu/saam/id/person-institution/6480
http://vocab.getty.edu/ulan/500023688,http://edan.si.edu/saam/id/person-institution/6523
http://vocab.getty.edu/ulan/500126841,http://edan.si.edu/saam/id/person-institution/6734
http://vocab.getty.edu/ulan/500007030,http://edan.si.edu/saam/id/person-institution/2265
http://vocab.getty.edu/ulan/500009764,http://edan.si.edu/saam/id/person-institution/831
http://vocab.getty.edu/ulan/500029331,http://edan.si.edu/saam/id/person-institution/2491
http://vocab.getty.edu/ulan/500015327,http://edan.si.edu/saam/id/person-institution/4809
http://vocab.getty.edu/ulan/500026154,http://edan.si.edu/saam/id/person-institution/2155
http://vocab.getty.edu/ulan/500021038,http://edan.si.edu/saam/id/person-institution/4426
http://vocab.getty.edu/ulan/500020756,http://edan.si.edu/saam/id/person-institution/2928
http://vocab.getty.edu/ulan/500020389,http://edan.si.edu/saam/id/person-institution/591
http://vocab.getty.edu/ulan/500026080,http://edan.si.edu/saam/id/person-institution/1364
http://vocab.getty.edu/ulan/500090663,http://edan.si.edu/saam/id/person-institution/5300
http://vocab.getty.edu/ulan/500021278,http://edan.si.edu/saam/id/person-institution/1954
http://vocab.getty.edu/ulan/500168056,http://edan.si.edu/saam/id/person-institution/3439
http://vocab.getty.edu/ulan/500024105,http://edan.si.edu/saam/id/person-institution/2191
http://vocab.getty.edu/ulan/500008018,http://edan.si.edu/saam/id/person-institution/4220
http://vocab.getty.edu/ulan/500030087,http://edan.si.edu/saam/id/person-institution/4732
http://vocab.getty.edu/ulan/500067140,http://edan.si.edu/saam/id/person-institution/320
http://vocab.getty.edu/ulan/500029376,http://edan.si.edu/saam/id/person-institution/485
http://vocab.getty.edu/ulan/500013464,http://edan.si.edu/saam/id/person-institution/1141
http://vocab.getty.edu/ulan/500053880,http://edan.si.edu/saam/id/person-institution/3756
http://vocab.getty.edu/ulan/500006162,http://edan.si.edu/saam/id/person-institution/1256
http://vocab.getty.edu/ulan/500011261,http://edan.si.edu/saam/id/person-institution/3161
http://vocab.getty.edu/ulan/500026802,http://edan.si.edu/saam/id/person-institution/6271
http://vocab.getty.edu/ulan/500025666,http://edan.si.edu/saam/id/person-institution/3175
http://vocab.getty.edu/ulan/500017575,http://edan.si.edu/saam/id/person-institution/3515
http://vocab.getty.edu/ulan/500115196,http://edan.si.edu/saam/id/person-institution/6684
http://vocab.getty.edu/ulan/500087778,http://edan.si.edu/saam/id/person-institution/442
http://vocab.getty.edu/ulan/500025045,http://edan.si.edu/saam/id/person-institution/4875
http://vocab.getty.edu/ulan/500032762,http://edan.si.edu/saam/id/person-institution/6396
http://vocab.getty.edu/ulan/500011472,http://edan.si.edu/saam/id/person-institution/5741
http://vocab.getty.edu/ulan/500023299,http://edan.si.edu/saam/id/person-institution/452
http://vocab.getty.edu/ulan/500023585,http://edan.si.edu/saam/id/person-institution/6565
http://vocab.getty.edu/ulan/500057101,http://edan.si.edu/saam/id/person-institution/2153
http://vocab.getty.edu/ulan/500041087,http://edan.si.edu/saam/id/person-institution/4556
http://vocab.getty.edu/ulan/500024301,http://edan.si.edu/saam/id/person-institution/4652
http://vocab.getty.edu/ulan/500000798,http://edan.si.edu/saam/id/person-institution/4074
http://vocab.getty.edu/ulan/500023328,http://edan.si.edu/saam/id/person-institution/711
http://vocab.getty.edu/ulan/500049275,http://edan.si.edu/saam/id/person-institution/2780
http://vocab.getty.edu/ulan/500129327,http://edan.si.edu/saam/id/person-institution/28928
http://vocab.getty.edu/ulan/500041142,http://edan.si.edu/saam/id/person-institution/5434
http://vocab.getty.edu/ulan/500002809,http://edan.si.edu/saam/id/person-institution/4075
http://vocab.getty.edu/ulan/500115316,http://edan.si.edu/saam/id/person-institution/6693
http://vocab.getty.edu/ulan/500124332,http://edan.si.edu/saam/id/person-institution/4213
http://vocab.getty.edu/ulan/500021026,http://edan.si.edu/saam/id/person-institution/15
http://vocab.getty.edu/ulan/500353320,http://edan.si.edu/saam/id/person-institution/237
http://vocab.getty.edu/ulan/500048943,http://edan.si.edu/saam/id/person-institution/876
http://vocab.getty.edu/ulan/500023150,http://edan.si.edu/saam/id/person-institution/6379
http://vocab.getty.edu/ulan/500024299,http://edan.si.edu/saam/id/person-institution/4469
http://vocab.getty.edu/ulan/500065174,http://edan.si.edu/saam/id/person-institution/251
http://vocab.getty.edu/ulan/500115339,http://edan.si.edu/saam/id/person-institution/730
http://vocab.getty.edu/ulan/500018573,http://edan.si.edu/saam/id/person-institution/4637
http://vocab.getty.edu/ulan/500013842,http://edan.si.edu/saam/id/person-institution/1549
http://vocab.getty.edu/ulan/500031026,http://edan.si.edu/saam/id/person-institution/5367
http://vocab.getty.edu/ulan/500106147,http://edan.si.edu/saam/id/person-institution/398
http://vocab.getty.edu/ulan/500052055,http://edan.si.edu/saam/id/person-institution/6832
http://vocab.getty.edu/ulan/500082083,http://edan.si.edu/saam/id/person-institution/433
http://vocab.getty.edu/ulan/500027501,http://edan.si.edu/saam/id/person-institution/1313
http://vocab.getty.edu/ulan/500125652,http://edan.si.edu/saam/id/person-institution/3080
http://vocab.getty.edu/ulan/500075610,http://edan.si.edu/saam/id/person-institution/3982
http://vocab.getty.edu/ulan/500111103,http://edan.si.edu/saam/id/person-institution/708
http://vocab.getty.edu/ulan/500020957,http://edan.si.edu/saam/id/person-institution/4198
http://vocab.getty.edu/ulan/500052972,http://edan.si.edu/saam/id/person-institution/2758
http://vocab.getty.edu/ulan/500099606,http://edan.si.edu/saam/id/person-institution/848
http://vocab.getty.edu/ulan/500003210,http://edan.si.edu/saam/id/person-institution/2852
http://vocab.getty.edu/ulan/500016706,http://edan.si.edu/saam/id/person-institution/1132
http://vocab.getty.edu/ulan/500042678,http://edan.si.edu/saam/id/person-institution/309
http://vocab.getty.edu/ulan/500001248,http://edan.si.edu/saam/id/person-institution/410
http://vocab.getty.edu/ulan/500087092,http://edan.si.edu/saam/id/person-institution/2165
http://vocab.getty.edu/ulan/500229056,http://edan.si.edu/saam/id/person-institution/3785
http://vocab.getty.edu/ulan/500336657,http://edan.si.edu/saam/id/person-institution/6826
http://vocab.getty.edu/ulan/500024670,http://edan.si.edu/saam/id/person-institution/183
http://vocab.getty.edu/ulan/500335635,http://edan.si.edu/saam/id/person-institution/26576
http://vocab.getty.edu/ulan/500022371,http://edan.si.edu/saam/id/person-institution/2508
http://vocab.getty.edu/ulan/500014242,http://edan.si.edu/saam/id/person-institution/4055
http://vocab.getty.edu/ulan/500128994,http://edan.si.edu/saam/id/person-institution/4375
http://vocab.getty.edu/ulan/500022285,http://edan.si.edu/saam/id/person-institution/27421
http://vocab.getty.edu/ulan/500127457,http://edan.si.edu/saam/id/person-institution/3628
http://vocab.getty.edu/ulan/500066632,http://edan.si.edu/saam/id/person-institution/6855
http://vocab.getty.edu/ulan/500000707,http://edan.si.edu/saam/id/person-institution/5499
http://vocab.getty.edu/ulan/500054231,http://edan.si.edu/saam/id/person-institution/2084
http://vocab.getty.edu/ulan/500334193,http://edan.si.edu/saam/id/person-institution/3900
http://vocab.getty.edu/ulan/500119024,http://edan.si.edu/saam/id/person-institution/6358
http://vocab.getty.edu/ulan/500049501,http://edan.si.edu/saam/id/person-institution/1692
http://vocab.getty.edu/ulan/500070835,http://edan.si.edu/saam/id/person-institution/806
http://vocab.getty.edu/ulan/500015422,http://edan.si.edu/saam/id/person-institution/2426
http://vocab.getty.edu/ulan/500013668,http://edan.si.edu/saam/id/person-institution/3817
http://vocab.getty.edu/ulan/500107319,http://edan.si.edu/saam/id/person-institution/4610
http://vocab.getty.edu/ulan/500045956,http://edan.si.edu/saam/id/person-institution/5142
http://vocab.getty.edu/ulan/500125520,http://edan.si.edu/saam/id/person-institution/4187
http://vocab.getty.edu/ulan/500024368,http://edan.si.edu/saam/id/person-institution/3281
http://vocab.getty.edu/ulan/500041058,http://edan.si.edu/saam/id/person-institution/4181
http://vocab.getty.edu/ulan/500080588,http://edan.si.edu/saam/id/person-institution/3296
http://vocab.getty.edu/ulan/500081586,http://edan.si.edu/saam/id/person-institution/633
http://vocab.getty.edu/ulan/500009532,http://edan.si.edu/saam/id/person-institution/894
http://vocab.getty.edu/ulan/500001243,http://edan.si.edu/saam/id/person-institution/793
http://vocab.getty.edu/ulan/500067349,http://edan.si.edu/saam/id/person-institution/1366
http://vocab.getty.edu/ulan/500250817,http://edan.si.edu/saam/id/person-institution/2272
http://vocab.getty.edu/ulan/500076689,http://edan.si.edu/saam/id/person-institution/1288
http://vocab.getty.edu/ulan/500055088,http://edan.si.edu/saam/id/person-institution/3969
http://vocab.getty.edu/ulan/500009264,http://edan.si.edu/saam/id/person-institution/768
http://vocab.getty.edu/ulan/500026666,http://edan.si.edu/saam/id/person-institution/4269
http://vocab.getty.edu/ulan/500092589,http://edan.si.edu/saam/id/person-institution/5679
http://vocab.getty.edu/ulan/500267073,http://edan.si.edu/saam/id/person-institution/2078
http://vocab.getty.edu/ulan/500076245,http://edan.si.edu/saam/id/person-institution/2029
http://vocab.getty.edu/ulan/500275298,http://edan.si.edu/saam/id/person-institution/1358
http://vocab.getty.edu/ulan/500343082,http://edan.si.edu/saam/id/person-institution/1163
http://vocab.getty.edu/ulan/500091221,http://edan.si.edu/saam/id/person-institution/1720
http://vocab.getty.edu/ulan/500084208,http://edan.si.edu/saam/id/person-institution/29550
http://vocab.getty.edu/ulan/500048630,http://edan.si.edu/saam/id/person-institution/1173
http://vocab.getty.edu/ulan/500003202,http://edan.si.edu/saam/id/person-institution/1688
http://vocab.getty.edu/ulan/500018792,http://edan.si.edu/saam/id/person-institution/958
http://vocab.getty.edu/ulan/500022498,http://edan.si.edu/saam/id/person-institution/1178
http://vocab.getty.edu/ulan/500119358,http://edan.si.edu/saam/id/person-institution/4105
http://vocab.getty.edu/ulan/500332659,http://edan.si.edu/saam/id/person-institution/4446
http://vocab.getty.edu/ulan/500149630,http://edan.si.edu/saam/id/person-institution/6886
http://vocab.getty.edu/ulan/500021044,http://edan.si.edu/saam/id/person-institution/6348
http://vocab.getty.edu/ulan/500039401,http://edan.si.edu/saam/id/person-institution/98
http://vocab.getty.edu/ulan/500155396,http://edan.si.edu/saam/id/person-institution/3698
http://vocab.getty.edu/ulan/500062882,http://edan.si.edu/saam/id/person-institution/29909
http://vocab.getty.edu/ulan/500041323,http://edan.si.edu/saam/id/person-institution/3917
http://vocab.getty.edu/ulan/500013648,http://edan.si.edu/saam/id/person-institution/1121
http://vocab.getty.edu/ulan/500283084,http://edan.si.edu/saam/id/person-institution/5543
http://vocab.getty.edu/ulan/500016431,http://edan.si.edu/saam/id/person-institution/4116
http://vocab.getty.edu/ulan/500030189,http://edan.si.edu/saam/id/person-institution/1645
http://vocab.getty.edu/ulan/500062931,http://edan.si.edu/saam/id/person-institution/3158
http://vocab.getty.edu/ulan/500147837,http://edan.si.edu/saam/id/person-institution/3150
http://vocab.getty.edu/ulan/500196736,http://edan.si.edu/saam/id/person-institution/5116
http://vocab.getty.edu/ulan/500030428,http://edan.si.edu/saam/id/person-institution/1324
http://vocab.getty.edu/ulan/500129204,http://edan.si.edu/saam/id/person-institution/1865
http://vocab.getty.edu/ulan/500004904,http://edan.si.edu/saam/id/person-institution/1887
http://vocab.getty.edu/ulan/500003411,http://edan.si.edu/saam/id/person-institution/3316
http://vocab.getty.edu/ulan/500088606,http://edan.si.edu/saam/id/person-institution/1042
http://vocab.getty.edu/ulan/500184250,http://edan.si.edu/saam/id/person-institution/1724
http://vocab.getty.edu/ulan/500031856,http://edan.si.edu/saam/id/person-institution/1325
http://vocab.getty.edu/ulan/500098675,http://edan.si.edu/saam/id/person-institution/394
http://vocab.getty.edu/ulan/500010339,http://edan.si.edu/saam/id/person-institution/4863
http://vocab.getty.edu/ulan/500077388,http://edan.si.edu/saam/id/person-institution/3567
http://vocab.getty.edu/ulan/500027108,http://edan.si.edu/saam/id/person-institution/908
http://vocab.getty.edu/ulan/500019879,http://edan.si.edu/saam/id/person-institution/53
http://vocab.getty.edu/ulan/500062798,http://edan.si.edu/saam/id/person-institution/3504
http://vocab.getty.edu/ulan/500006987,http://edan.si.edu/saam/id/person-institution/7101
http://vocab.getty.edu/ulan/500003132,http://edan.si.edu/saam/id/person-institution/2060
http://vocab.getty.edu/ulan/500083003,http://edan.si.edu/saam/id/person-institution/3837
http://vocab.getty.edu/ulan/500109322,http://edan.si.edu/saam/id/person-institution/3341
http://vocab.getty.edu/ulan/500111794,http://edan.si.edu/saam/id/person-institution/3957
http://vocab.getty.edu/ulan/500163902,http://edan.si.edu/saam/id/person-institution/3775
http://vocab.getty.edu/ulan/500060729,http://edan.si.edu/saam/id/person-institution/3732
http://vocab.getty.edu/ulan/500095924,http://edan.si.edu/saam/id/person-institution/3853
http://vocab.getty.edu/ulan/500107868,http://edan.si.edu/saam/id/person-institution/143
http://vocab.getty.edu/ulan/500022262,http://edan.si.edu/saam/id/person-institution/30996
http://vocab.getty.edu/ulan/500012834,http://edan.si.edu/saam/id/person-institution/1550
http://vocab.getty.edu/ulan/500115190,http://edan.si.edu/saam/id/person-institution/5108
http://vocab.getty.edu/ulan/500003941,http://edan.si.edu/saam/id/person-institution/3318
http://vocab.getty.edu/ulan/500231423,http://edan.si.edu/saam/id/person-institution/3745
http://vocab.getty.edu/ulan/500028984,http://edan.si.edu/saam/id/person-institution/2361
http://vocab.getty.edu/ulan/500336122,http://edan.si.edu/saam/id/person-institution/6457
http://vocab.getty.edu/ulan/500019907,http://edan.si.edu/saam/id/person-institution/6646
http://vocab.getty.edu/ulan/500046979,http://edan.si.edu/saam/id/person-institution/2912
http://vocab.getty.edu/ulan/500003896,http://edan.si.edu/saam/id/person-institution/27416
http://vocab.getty.edu/ulan/500018736,http://edan.si.edu/saam/id/person-institution/30271
http://vocab.getty.edu/ulan/500102032,http://edan.si.edu/saam/id/person-institution/6659
http://vocab.getty.edu/ulan/500020249,http://edan.si.edu/saam/id/person-institution/3285
http://vocab.getty.edu/ulan/500129369,http://edan.si.edu/saam/id/person-institution/6059
http://vocab.getty.edu/ulan/500043072,http://edan.si.edu/saam/id/person-institution/2933
http://vocab.getty.edu/ulan/500073870,http://edan.si.edu/saam/id/person-institution/2652
http://vocab.getty.edu/ulan/500180573,http://edan.si.edu/saam/id/person-institution/4807
http://vocab.getty.edu/ulan/500021578,http://edan.si.edu/saam/id/person-institution/2522
http://vocab.getty.edu/ulan/500133723,http://edan.si.edu/saam/id/person-institution/3802
http://vocab.getty.edu/ulan/500014135,http://edan.si.edu/saam/id/person-institution/7222
http://vocab.getty.edu/ulan/500060197,http://edan.si.edu/saam/id/person-institution/3174
http://vocab.getty.edu/ulan/500030180,http://edan.si.edu/saam/id/person-institution/3124
http://vocab.getty.edu/ulan/500063829,http://edan.si.edu/saam/id/person-institution/4332
http://vocab.getty.edu/ulan/500198014,http://edan.si.edu/saam/id/person-institution/5419
http://vocab.getty.edu/ulan/500156275,http://edan.si.edu/saam/id/person-institution/1691
http://vocab.getty.edu/ulan/500053626,http://edan.si.edu/saam/id/person-institution/3651
http://vocab.getty.edu/ulan/500000551,http://edan.si.edu/saam/id/person-institution/1047
http://vocab.getty.edu/ulan/500115605,http://edan.si.edu/saam/id/person-institution/5697
http://vocab.getty.edu/ulan/500024940,http://edan.si.edu/saam/id/person-institution/6091
http://vocab.getty.edu/ulan/500172740,http://edan.si.edu/saam/id/person-institution/2431
http://vocab.getty.edu/ulan/500026928,http://edan.si.edu/saam/id/person-institution/5214
http://vocab.getty.edu/ulan/500031242,http://edan.si.edu/saam/id/person-institution/27631
http://vocab.getty.edu/ulan/500060064,http://edan.si.edu/saam/id/person-institution/3257
http://vocab.getty.edu/ulan/500018541,http://edan.si.edu/saam/id/person-institution/2330
http://vocab.getty.edu/ulan/500023077,http://edan.si.edu/saam/id/person-institution/1021
http://vocab.getty.edu/ulan/500024489,http://edan.si.edu/saam/id/person-institution/6143
http://vocab.getty.edu/ulan/500006031,http://edan.si.edu/saam/id/person-institution/5233
http://vocab.getty.edu/ulan/500336633,http://edan.si.edu/saam/id/person-institution/4199
http://vocab.getty.edu/ulan/500171936,http://edan.si.edu/saam/id/person-institution/5491
http://vocab.getty.edu/ulan/500001266,http://edan.si.edu/saam/id/person-institution/5502
http://vocab.getty.edu/ulan/500043257,http://edan.si.edu/saam/id/person-institution/28834
http://vocab.getty.edu/ulan/500044252,http://edan.si.edu/saam/id/person-institution/5826
http://vocab.getty.edu/ulan/500112002,http://edan.si.edu/saam/id/person-institution/83
http://vocab.getty.edu/ulan/500037507,http://edan.si.edu/saam/id/person-institution/4629
http://vocab.getty.edu/ulan/500041600,http://edan.si.edu/saam/id/person-institution/2769
http://vocab.getty.edu/ulan/500048600,http://edan.si.edu/saam/id/person-institution/1030
http://vocab.getty.edu/ulan/500116915,http://edan.si.edu/saam/id/person-institution/34
http://vocab.getty.edu/ulan/500027445,http://edan.si.edu/saam/id/person-institution/1853
http://vocab.getty.edu/ulan/500003143,http://edan.si.edu/saam/id/person-institution/4292
http://vocab.getty.edu/ulan/500052005,http://edan.si.edu/saam/id/person-institution/5295
http://vocab.getty.edu/ulan/500096652,http://edan.si.edu/saam/id/person-institution/336
http://vocab.getty.edu/ulan/500077844,http://edan.si.edu/saam/id/person-institution/2511
http://vocab.getty.edu/ulan/500184341,http://edan.si.edu/saam/id/person-institution/2890
http://vocab.getty.edu/ulan/500184023,http://edan.si.edu/saam/id/person-institution/4325
http://vocab.getty.edu/ulan/500053782,http://edan.si.edu/saam/id/person-institution/766
http://vocab.getty.edu/ulan/500021690,http://edan.si.edu/saam/id/person-institution/569
http://vocab.getty.edu/ulan/500026108,http://edan.si.edu/saam/id/person-institution/20
http://vocab.getty.edu/ulan/500019289,http://edan.si.edu/saam/id/person-institution/694
http://vocab.getty.edu/ulan/500038342,http://edan.si.edu/saam/id/person-institution/4905
http://vocab.getty.edu/ulan/500344170,http://edan.si.edu/saam/id/person-institution/3993
http://vocab.getty.edu/ulan/500085251,http://edan.si.edu/saam/id/person-institution/7024
http://vocab.getty.edu/ulan/500058554,http://edan.si.edu/saam/id/person-institution/7102
http://vocab.getty.edu/ulan/500080236,http://edan.si.edu/saam/id/person-institution/332
http://vocab.getty.edu/ulan/500025420,http://edan.si.edu/saam/id/person-institution/6064
http://vocab.getty.edu/ulan/500159910,http://edan.si.edu/saam/id/person-institution/3431
http://vocab.getty.edu/ulan/500116882,http://edan.si.edu/saam/id/person-institution/4649
http://vocab.getty.edu/ulan/500044362,http://edan.si.edu/saam/id/person-institution/18562
http://vocab.getty.edu/ulan/500022909,http://edan.si.edu/saam/id/person-institution/4866
http://vocab.getty.edu/ulan/500038999,http://edan.si.edu/saam/id/person-institution/5265
http://vocab.getty.edu/ulan/500035492,http://edan.si.edu/saam/id/person-institution/1127
http://vocab.getty.edu/ulan/500010848,http://edan.si.edu/saam/id/person-institution/28392
http://vocab.getty.edu/ulan/500039690,http://edan.si.edu/saam/id/person-institution/6314
http://vocab.getty.edu/ulan/500174929,http://edan.si.edu/saam/id/person-institution/4824
http://vocab.getty.edu/ulan/500096668,http://edan.si.edu/saam/id/person-institution/5286
http://vocab.getty.edu/ulan/500054281,http://edan.si.edu/saam/id/person-institution/2203
http://vocab.getty.edu/ulan/500145309,http://edan.si.edu/saam/id/person-institution/1734
http://vocab.getty.edu/ulan/500174769,http://edan.si.edu/saam/id/person-institution/4104
http://vocab.getty.edu/ulan/500065904,http://edan.si.edu/saam/id/person-institution/3198
http://vocab.getty.edu/ulan/500174505,http://edan.si.edu/saam/id/person-institution/6159
http://vocab.getty.edu/ulan/500054548,http://edan.si.edu/saam/id/person-institution/2468
http://vocab.getty.edu/ulan/500140479,http://edan.si.edu/saam/id/person-institution/2701
http://vocab.getty.edu/ulan/500041104,http://edan.si.edu/saam/id/person-institution/4778
http://vocab.getty.edu/ulan/500020816,http://edan.si.edu/saam/id/person-institution/128
http://vocab.getty.edu/ulan/500070342,http://edan.si.edu/saam/id/person-institution/3304
http://vocab.getty.edu/ulan/500016002,http://edan.si.edu/saam/id/person-institution/4766
http://vocab.getty.edu/ulan/500098667,http://edan.si.edu/saam/id/person-institution/3151
http://vocab.getty.edu/ulan/500040503,http://edan.si.edu/saam/id/person-institution/5689
http://vocab.getty.edu/ulan/500070329,http://edan.si.edu/saam/id/person-institution/2345
http://vocab.getty.edu/ulan/500289225,http://edan.si.edu/saam/id/person-institution/3562
http://vocab.getty.edu/ulan/500194075,http://edan.si.edu/saam/id/person-institution/3731
http://vocab.getty.edu/ulan/500131295,http://edan.si.edu/saam/id/person-institution/4058
http://vocab.getty.edu/ulan/500142611,http://edan.si.edu/saam/id/person-institution/3473
http://vocab.getty.edu/ulan/500018839,http://edan.si.edu/saam/id/person-institution/5139
http://vocab.getty.edu/ulan/500122782,http://edan.si.edu/saam/id/person-institution/2270
http://vocab.getty.edu/ulan/500299142,http://edan.si.edu/saam/id/person-institution/6669
http://vocab.getty.edu/ulan/500085987,http://edan.si.edu/saam/id/person-institution/45
http://vocab.getty.edu/ulan/500078194,http://edan.si.edu/saam/id/person-institution/29542
http://vocab.getty.edu/ulan/500170985,http://edan.si.edu/saam/id/person-institution/794
http://vocab.getty.edu/ulan/500049932,http://edan.si.edu/saam/id/person-institution/1517
http://vocab.getty.edu/ulan/500194169,http://edan.si.edu/saam/id/person-institution/7496
http://vocab.getty.edu/ulan/500185429,http://edan.si.edu/saam/id/person-institution/1923
http://vocab.getty.edu/ulan/500108965,http://edan.si.edu/saam/id/person-institution/18595
http://vocab.getty.edu/ulan/500159583,http://edan.si.edu/saam/id/person-institution/5261
http://vocab.getty.edu/ulan/500004865,http://edan.si.edu/saam/id/person-institution/6355
http://vocab.getty.edu/ulan/500335596,http://edan.si.edu/saam/id/person-institution/2664
http://vocab.getty.edu/ulan/500033921,http://edan.si.edu/saam/id/person-institution/27508
http://vocab.getty.edu/ulan/500101097,http://edan.si.edu/saam/id/person-institution/3650
http://vocab.getty.edu/ulan/500157661,http://edan.si.edu/saam/id/person-institution/4647
http://vocab.getty.edu/ulan/500126687,http://edan.si.edu/saam/id/person-institution/5129
http://vocab.getty.edu/ulan/500065030,http://edan.si.edu/saam/id/person-institution/5405
http://vocab.getty.edu/ulan/500141029,http://edan.si.edu/saam/id/person-institution/18273
http://vocab.getty.edu/ulan/500039543,http://edan.si.edu/saam/id/person-institution/785
http://vocab.getty.edu/ulan/500145133,http://edan.si.edu/saam/id/person-institution/1984
http://vocab.getty.edu/ulan/500347368,http://edan.si.edu/saam/id/person-institution/1626
http://vocab.getty.edu/ulan/500089461,http://edan.si.edu/saam/id/person-institution/5281
http://vocab.getty.edu/ulan/500040458,http://edan.si.edu/saam/id/person-institution/6373
http://vocab.getty.edu/ulan/500120856,http://edan.si.edu/saam/id/person-institution/30809
http://vocab.getty.edu/ulan/500118572,http://edan.si.edu/saam/id/person-institution/2841
http://vocab.getty.edu/ulan/500040993,http://edan.si.edu/saam/id/person-institution/351
http://vocab.getty.edu/ulan/500070811,http://edan.si.edu/saam/id/person-institution/3375
http://vocab.getty.edu/ulan/500142940,http://edan.si.edu/saam/id/person-institution/3464
http://vocab.getty.edu/ulan/500039554,http://edan.si.edu/saam/id/person-institution/30582
http://vocab.getty.edu/ulan/500109312,http://edan.si.edu/saam/id/person-institution/3006
http://vocab.getty.edu/ulan/500094196,http://edan.si.edu/saam/id/person-institution/455
http://vocab.getty.edu/ulan/500043510,http://edan.si.edu/saam/id/person-institution/448
http://vocab.getty.edu/ulan/500185745,http://edan.si.edu/saam/id/person-institution/1512
http://vocab.getty.edu/ulan/500115652,http://edan.si.edu/saam/id/person-institution/1483
http://vocab.getty.edu/ulan/500165675,http://edan.si.edu/saam/id/person-institution/172
http://vocab.getty.edu/ulan/500102857,http://edan.si.edu/saam/id/person-institution/196
http://vocab.getty.edu/ulan/500028827,http://edan.si.edu/saam/id/person-institution/6741
http://vocab.getty.edu/ulan/500061144,http://edan.si.edu/saam/id/person-institution/4276
http://vocab.getty.edu/ulan/500123057,http://edan.si.edu/saam/id/person-institution/4186
http://vocab.getty.edu/ulan/500093805,http://edan.si.edu/saam/id/person-institution/11
http://vocab.getty.edu/ulan/500112501,http://edan.si.edu/saam/id/person-institution/4401
http://vocab.getty.edu/ulan/500341742,http://edan.si.edu/saam/id/person-institution/2493
http://vocab.getty.edu/ulan/500023611,http://edan.si.edu/saam/id/person-institution/4837
http://vocab.getty.edu/ulan/500071229,http://edan.si.edu/saam/id/person-institution/6549
http://vocab.getty.edu/ulan/500284772,http://edan.si.edu/saam/id/person-institution/4822
http://vocab.getty.edu/ulan/500000072,http://edan.si.edu/saam/id/person-institution/2724
http://vocab.getty.edu/ulan/500004385,http://edan.si.edu/saam/id/person-institution/2929
